Protein,Ligand,Site_ID,Chain,Residue_ID,Atoms,center_x,center_y,center_z,size_x,size_y,size_z,volume_A3,inside_box,note,
COX1_1EQH.pdb,FLP,1,A,701,18,26.687,33.481,198.759,14.21,17.04,18.38,4448,TRUE,OK,
COX1_1EQH.pdb,FLP,2,B,1701,18,68.233,22.415,187.569,13.83,17.46,18.37,4435,TRUE,OK,
COX2_5IKR.pdb,ID8,1,A,601,32,38.961,2.353,61.503,17.79,14.84,18.72,4944,TRUE,OK,"38.411, 2.508, 61.278 (chain A)"
COX2_5IKR.pdb,ID8,2,B,602,32,40.897,38.314,86.458,20.03,14.3,16.87,4834,TRUE,OK,"40.460, 38.593, 86.126 (chain B)"
COX2_3LN1.pdb,CEL,1,A,682,26,30.989,-22.284,-16.507,20.44,15.46,18.9,5974,TRUE,OK,
COX2_3LN1.pdb,CEL,2,B,682,26,77.336,-14.641,-8.091,20.22,19.27,14.66,5711,TRUE,OK,
COX2_3LN1.pdb,CEL,3,C,682,26,65.247,-45.379,45.423,20.58,15.38,18.95,5999,TRUE,OK,
COX2_3LN1.pdb,CEL,4,D,682,26,18.841,-52.899,53.812,20.53,19.37,14.83,5897,TRUE,OK,
5LOX_6NCF.pdb,AF7,1,B,702,84,10.326,-22.333,-18.927,26.81,15.29,17.69,7248,TRUE,OK,
mPGES1_5TL9.pdb,7DN,1,A,201,36,7.752,-17.305,28.152,13.76,22.31,24.26,7448,TRUE,OK,
